dataset_index,true_label,adv_pred,adv_conf,attack_success,linf
0,0,76,1.0,True,0.03137257695198059
1,0,646,1.0,True,0.03137257695198059
2,0,474,1.0,True,0.03137257695198059
3,0,109,1.0,True,0.03137257695198059
4,0,391,1.0,True,0.03137257695198059
5,0,824,1.0,True,0.03137257695198059
6,0,542,1.0,True,0.03137257695198059
7,0,987,1.0,True,0.03137257695198059
8,0,395,1.0,True,0.03137257695198059
9,0,84,1.0,True,0.03137257695198059
10,0,987,0.9999730587005615,True,0.03137257695198059
11,0,391,1.0,True,0.03137257695198059
12,0,82,0.9998227953910828,True,0.03137257695198059
13,0,36,1.0,True,0.03137257695198059
14,0,953,1.0,True,0.03137257695198059
15,0,514,1.0,True,0.03137257695198059
16,0,775,1.0,True,0.03137257695198059
17,0,389,1.0,True,0.03137257695198059
18,0,51,1.0,True,0.03137257695198059
19,0,84,1.0,True,0.03137257695198059
20,0,216,1.0,True,0.03137257695198059
22,0,284,1.0,True,0.03137257695198059
23,0,389,1.0,True,0.03137257695198059
24,0,589,1.0,True,0.03137257695198059
25,0,955,1.0,True,0.03137257695198059
26,0,362,1.0,True,0.03137257695198059
27,0,265,0.9999998807907104,True,0.03137257695198059
28,0,39,1.0,True,0.03137257695198059
29,0,389,1.0,True,0.03137257695198059
30,0,193,1.0,True,0.03137257695198059
31,0,378,1.0,True,0.03137257695198059
32,0,36,1.0,True,0.03137257695198059
33,0,431,1.0,True,0.03137257695198059
34,0,700,1.0,True,0.03137257695198059
35,0,611,1.0,True,0.03137257695198059
36,0,265,0.999991774559021,True,0.03137257695198059
37,0,601,1.0,True,0.03137257695198059
38,0,170,1.0,True,0.03137257695198059
39,0,589,1.0,True,0.03137257695198059
40,0,452,1.0,True,0.03137257695198059
41,0,389,1.0,True,0.03137257695198059
42,0,845,1.0,True,0.03137257695198059
43,0,170,1.0,True,0.03137257695198059
44,0,67,1.0,True,0.03137257695198059
45,0,580,1.0,True,0.03137257695198059
46,0,212,1.0,True,0.03137257695198059
47,0,815,1.0,True,0.03137257695198059
48,0,389,1.0,True,0.03137257695198059
49,0,40,0.9966039657592773,True,0.03137257695198059
50,0,953,1.0,True,0.03137257695198059
51,0,389,1.0,True,0.03137257695198059
52,0,558,1.0,True,0.03137257695198059
53,0,391,1.0,True,0.03137257695198059
54,0,202,1.0,True,0.03137257695198059
55,0,589,1.0,True,0.03137257695198059
56,0,703,1.0,True,0.03137257695198059
57,0,39,1.0,True,0.03137257695198059
58,0,389,1.0,True,0.03137257695198059
59,0,390,1.0,True,0.03137257695198059
60,0,815,1.0,True,0.03137257695198059
61,0,389,1.0,True,0.03137257695198059
62,0,169,1.0,True,0.03137257695198059
63,0,177,1.0,True,0.03137257695198059
64,0,192,1.0,True,0.03137257695198059
65,0,109,1.0,True,0.03137257695198059
66,0,641,1.0,True,0.03137257695198059
67,0,50,1.0,True,0.03137257695198059
68,0,60,1.0,True,0.03137257695198059
69,0,39,1.0,True,0.03137257695198059
70,0,203,1.0,True,0.03137257695198059
71,0,367,1.0,True,0.03137257695198059
72,0,395,1.0,True,0.03137257695198059
73,0,953,1.0,True,0.03137257695198059
74,0,546,1.0,True,0.03137257695198059
75,0,641,1.0,True,0.03137257695198059
76,0,389,1.0,True,0.03137257695198059
77,0,396,1.0,True,0.03137257695198059
78,0,382,1.0,True,0.03137257695198059
79,0,187,1.0,True,0.03137257695198059
80,0,338,1.0,True,0.03137257695198059
81,0,363,1.0,True,0.03137257695198059
82,0,391,1.0,True,0.03137257695198059
83,0,389,1.0,True,0.03137257695198059
84,0,389,1.0,True,0.03137257695198059
85,0,124,1.0,True,0.03137257695198059
86,0,955,1.0,True,0.03137257695198059
87,0,187,1.0,True,0.03137257695198059
88,0,641,1.0,True,0.03137257695198059
89,0,51,1.0,True,0.03137257695198059
90,0,391,1.0,True,0.03137257695198059
91,0,391,1.0,True,0.03137257695198059
92,0,342,0.999998927116394,True,0.03137257695198059
93,0,109,1.0,True,0.03137257695198059
94,0,588,1.0,True,0.03137257695198059
95,0,363,1.0,True,0.03137257695198059
96,0,338,1.0,True,0.03137257695198059
97,0,382,1.0,True,0.03137257695198059
98,0,389,1.0,True,0.03137257695198059
99,0,224,1.0,True,0.03137257695198059
100,0,389,1.0,True,0.03137257695198059
101,0,469,1.0,True,0.03137257695198059
102,0,973,1.0,True,0.03137257695198059
103,0,585,1.0,True,0.03137257695198059
104,0,850,1.0,True,0.03137257695198059
105,0,389,1.0,True,0.03137257695198059
106,0,170,1.0,True,0.03137257695198059
107,0,39,1.0,True,0.03137257695198059
108,0,391,1.0,True,0.03137257695198059
109,0,197,1.0,True,0.03137257695198059
110,0,50,1.0,True,0.03137257695198059
111,0,391,1.0,True,0.03137257695198059
112,0,36,1.0,True,0.03137257695198059
114,0,395,1.0,True,0.03137257695198059
115,0,109,1.0,True,0.03137257695198059
116,0,391,1.0,True,0.03137257695198059
117,0,585,1.0,True,0.03137257695198059
118,0,394,1.0,True,0.03137257695198059
119,0,157,1.0,True,0.03137257695198059
120,0,39,1.0,True,0.03137257695198059
121,0,51,1.0,True,0.03137257695198059
122,0,76,1.0,True,0.03137257695198059
123,0,700,1.0,True,0.03137257695198059
124,0,787,1.0,True,0.03137257695198059
125,0,334,1.0,True,0.03137257695198059
126,0,777,1.0,True,0.03137257695198059
127,0,589,1.0,True,0.03137257695198059
128,0,377,1.0,True,0.03137257695198059
129,0,382,1.0,True,0.03137257695198059
130,0,956,1.0,True,0.03137257695198059
131,0,641,1.0,True,0.03137257695198059
132,0,363,1.0,True,0.03137257695198059
133,0,346,1.0,True,0.03137257695198059
134,0,50,1.0,True,0.03137257695198059
135,0,361,1.0,True,0.03137257695198059
136,0,955,1.0,True,0.03137257695198059
137,0,36,1.0,True,0.03137257695198059
138,0,796,1.0,True,0.03137257695198059
139,0,549,1.0,True,0.03137257695198059
140,0,523,1.0,True,0.03137257695198059
141,0,364,1.0,True,0.03137257695198059
142,0,390,1.0,True,0.03137257695198059
143,0,516,1.0,True,0.03137257695198059
144,0,787,1.0,True,0.03137257695198059
145,0,605,1.0,True,0.03137257695198059
146,0,391,1.0,True,0.03137257695198059
147,0,641,1.0,True,0.03137257695198059
148,0,815,1.0,True,0.03137257695198059
149,0,51,1.0,True,0.03137257695198059
150,0,364,1.0,True,0.03137257695198059
151,0,3,0.9999988079071045,True,0.03137257695198059
152,0,151,1.0,True,0.03137257695198059
153,0,76,1.0,True,0.03137257695198059
154,0,740,1.0,True,0.03137257695198059
155,0,850,1.0,True,0.03137257695198059
156,0,109,1.0,True,0.03137257695198059
157,0,741,1.0,True,0.03137257695198059
158,0,50,1.0,True,0.03137257695198059
159,0,234,1.0,True,0.03137257695198059
160,0,234,1.0,True,0.03137257695198059
161,0,763,1.0,True,0.03137257695198059
162,0,585,1.0,True,0.03137257695198059
163,0,171,1.0,True,0.03137257695198059
164,0,258,1.0,True,0.03137257695198059
165,0,390,1.0,True,0.03137257695198059
166,0,580,1.0,True,0.03137257695198059
167,0,254,1.0,True,0.03137257695198059
168,0,109,1.0,True,0.03137257695198059
169,0,46,1.0,True,0.03137257695198059
170,0,232,0.9999818801879883,True,0.03137257695198059
171,0,973,1.0,True,0.03137257695198059
172,0,39,1.0,True,0.03137257695198059
173,0,124,1.0,True,0.03137257695198059
174,0,109,1.0,True,0.03137257695198059
175,0,36,1.0,True,0.03137257695198059
176,0,341,1.0,True,0.03137257695198059
177,0,389,1.0,True,0.03137257695198059
178,0,389,1.0,True,0.03137257695198059
179,0,109,1.0,True,0.03137257695198059
180,0,364,1.0,True,0.03137257695198059
181,0,589,1.0,True,0.03137257695198059
182,0,184,1.0,True,0.03137257695198059
183,0,772,1.0,True,0.03137257695198059
184,0,389,1.0,True,0.03137257695198059
185,0,862,1.0,True,0.03137257695198059
186,0,787,1.0,True,0.03137257695198059
187,0,395,1.0,True,0.03137257695198059
188,0,333,1.0,True,0.03137257695198059
189,0,391,1.0,True,0.03137257695198059
190,0,362,1.0,True,0.03137257695198059
191,0,162,1.0,True,0.03137257695198059
192,0,831,1.0,True,0.03137257695198059
193,0,456,1.0,True,0.03137257695198059
194,0,389,1.0,True,0.03137257695198059
195,0,124,1.0,True,0.03137257695198059
196,0,806,1.0,True,0.03137257695198059
197,0,39,1.0,True,0.03137257695198059
198,0,395,1.0,True,0.03137257695198059
199,0,474,1.0,True,0.03137257695198059
200,0,109,1.0,True,0.03137257695198059
201,0,748,1.0,True,0.03137257695198059
202,0,36,1.0,True,0.03137257695198059
203,0,389,1.0,True,0.03137257695198059
204,0,731,1.0,True,0.03137257695198059
205,0,955,1.0,True,0.03137257695198059
206,0,382,1.0,True,0.03137257695198059
207,0,787,1.0,True,0.03137257695198059
208,0,758,1.0,True,0.03137257695198059
209,0,801,1.0,True,0.03137257695198059
210,0,390,1.0,True,0.03137257695198059
211,0,201,1.0,True,0.03137257695198059
212,0,50,1.0,True,0.03137257695198059
213,0,389,1.0,True,0.03137257695198059
214,0,259,1.0,True,0.03137257695198059
215,0,514,1.0,True,0.03137257695198059
216,0,109,1.0,True,0.03137257695198059
217,0,641,1.0,True,0.03137257695198059
218,0,364,1.0,True,0.03137257695198059
219,0,395,1.0,True,0.03137257695198059
220,0,395,1.0,True,0.03137257695198059
221,0,389,1.0,True,0.03137257695198059
222,0,542,1.0,True,0.03137257695198059
223,0,395,1.0,True,0.03137257695198059
224,0,391,1.0,True,0.03137257695198059
225,0,474,1.0,True,0.03137257695198059
226,0,395,1.0,True,0.03137257695198059
227,0,151,1.0,True,0.03137257695198059
228,0,381,1.0,True,0.03137257695198059
229,0,939,1.0,True,0.03137257695198059
230,0,26,0.9999998807907104,True,0.03137257695198059
231,0,263,1.0,True,0.03137257695198059
232,0,936,1.0,True,0.03137257695198059
233,0,711,1.0,True,0.03137257695198059
234,0,37,1.0,True,0.03137257695198059
235,0,282,1.0,True,0.03137257695198059
237,0,90,1.0,True,0.03137257695198059
238,0,109,1.0,True,0.03137257695198059
239,0,655,1.0,True,0.03137257695198059
240,0,299,1.0,True,0.03137257695198059
241,0,51,1.0,True,0.03137257695198059
242,0,389,1.0,True,0.03137257695198059
243,0,171,1.0,True,0.03137257695198059
244,0,824,1.0,True,0.03137257695198059
245,0,391,1.0,True,0.03137257695198059
246,0,397,1.0,True,0.03137257695198059
247,0,389,1.0,True,0.03137257695198059
248,0,611,1.0,True,0.03137257695198059
249,0,395,1.0,True,0.03137257695198059
250,0,700,1.0,True,0.03137257695198059
253,0,39,1.0,True,0.03137257695198059
254,0,903,1.0,True,0.03137257695198059
255,0,51,1.0,True,0.03137257695198059
256,0,758,1.0,True,0.03137257695198059
258,0,389,1.0,True,0.03137257695198059
259,0,815,1.0,True,0.03137257695198059
260,0,902,1.0,True,0.03137257695198059
261,0,568,1.0,True,0.03137257695198059
262,0,60,1.0,True,0.03137257695198059
263,0,371,1.0,True,0.03137257695198059
264,0,777,1.0,True,0.03137257695198059
265,0,843,1.0,True,0.03137257695198059
266,0,641,1.0,True,0.03137257695198059
267,0,850,1.0,True,0.03137257695198059
268,0,247,1.0,True,0.03137257695198059
269,0,793,1.0,True,0.03137257695198059
270,0,391,1.0,True,0.03137257695198059
271,0,389,1.0,True,0.03137257695198059
272,0,850,1.0,True,0.03137257695198059
273,0,457,1.0,True,0.03137257695198059
274,0,391,1.0,True,0.03137257695198059
275,0,955,1.0,True,0.03137257695198059
276,0,46,0.9999998807907104,True,0.03137257695198059
277,0,911,1.0,True,0.03137257695198059
278,0,377,1.0,True,0.03137257695198059
279,0,151,1.0,True,0.03137257695198059
280,0,187,0.9999186992645264,True,0.03137257695198059
281,0,382,1.0,True,0.03137257695198059
282,0,36,1.0,True,0.03137257695198059
283,0,51,1.0,True,0.03137257695198059
284,0,50,1.0,True,0.03137257695198059
285,0,395,1.0,True,0.03137257695198059
286,0,355,1.0,True,0.03137257695198059
287,0,36,1.0,True,0.03137257695198059
288,0,395,1.0,True,0.03137257695198059
289,0,389,1.0,True,0.03137257695198059
290,0,955,1.0,True,0.03137257695198059
291,0,857,1.0,True,0.03137257695198059
292,0,389,1.0,True,0.03137257695198059
293,0,109,1.0,True,0.03137257695198059
294,0,151,1.0,True,0.03137257695198059
295,0,652,1.0,True,0.03137257695198059
296,0,589,1.0,True,0.03137257695198059
297,0,641,1.0,True,0.03137257695198059
298,0,51,1.0,True,0.03137257695198059
299,0,391,1.0,True,0.03137257695198059
300,0,364,1.0,True,0.03137257695198059
301,0,76,1.0,True,0.03137257695198059
302,0,199,1.0,True,0.03137257695198059
303,0,311,0.9998786449432373,True,0.03137257695198059
304,0,50,1.0,True,0.03137257695198059
306,0,389,1.0,True,0.03137257695198059
307,0,39,1.0,True,0.03137257695198059
308,0,585,1.0,True,0.03137257695198059
309,0,850,1.0,True,0.03137257695198059
311,0,151,1.0,True,0.03137257695198059
312,0,395,1.0,True,0.03137257695198059
313,0,109,1.0,True,0.03137257695198059
314,0,151,1.0,True,0.03137257695198059
315,0,389,1.0,True,0.03137257695198059
316,0,329,1.0,True,0.03137257695198059
317,0,876,0.9999591112136841,True,0.03137257695198059
318,0,487,1.0,True,0.03137257695198059
319,0,395,1.0,True,0.03137257695198059
320,0,285,1.0,True,0.03137257695198059
321,0,358,1.0,True,0.03137257695198059
322,0,228,1.0,True,0.03137257695198059
323,0,850,1.0,True,0.03137257695198059
324,0,60,1.0,True,0.03137257695198059
325,0,395,1.0,True,0.03137257695198059
326,0,62,1.0,True,0.03137257695198059
327,0,431,1.0,True,0.03137257695198059
328,0,655,1.0,True,0.03137257695198059
329,0,60,1.0,True,0.03137257695198059
330,0,584,1.0,True,0.03137257695198059
331,0,424,1.0,True,0.03137257695198059
332,0,658,1.0,True,0.03137257695198059
333,0,157,1.0,True,0.03137257695198059
334,0,824,1.0,True,0.03137257695198059
335,0,381,1.0,True,0.03137257695198059
336,0,84,1.0,True,0.03137257695198059
337,0,224,1.0,True,0.03137257695198059
338,0,862,1.0,True,0.03137257695198059
339,0,389,1.0,True,0.03137257695198059
341,0,955,1.0,True,0.03137257695198059
342,0,611,1.0,True,0.03137257695198059
343,0,452,1.0,True,0.03137257695198059
344,0,395,1.0,True,0.03137257695198059
345,0,748,1.0,True,0.03137257695198059
346,0,377,1.0,True,0.03137257695198059
347,0,389,1.0,True,0.03137257695198059
348,0,389,1.0,True,0.03137257695198059
349,0,389,1.0,True,0.03137257695198059
350,0,265,0.9999973773956299,True,0.03137257695198059
351,0,956,1.0,True,0.03137257695198059
352,0,39,1.0,True,0.03137257695198059
353,0,34,1.0,True,0.03137257695198059
354,0,391,1.0,True,0.03137257695198059
355,0,212,1.0,True,0.03137257695198059
356,0,372,1.0,True,0.03137257695198059
357,0,389,1.0,True,0.03137257695198059
358,0,630,1.0,True,0.03137257695198059
359,0,381,1.0,True,0.03137257695198059
360,0,761,1.0,True,0.03137257695198059
361,0,395,1.0,True,0.03137257695198059
362,0,815,1.0,True,0.03137257695198059
363,0,903,1.0,True,0.03137257695198059
364,0,109,1.0,True,0.03137257695198059
365,0,202,1.0,True,0.03137257695198059
366,0,199,1.0,True,0.03137257695198059
367,0,109,1.0,True,0.03137257695198059
368,0,284,1.0,True,0.03137257695198059
369,0,377,1.0,True,0.03137257695198059
371,0,377,1.0,True,0.03137257695198059
372,0,214,1.0,True,0.03137257695198059
373,0,36,1.0,True,0.03137257695198059
374,0,391,1.0,True,0.03137257695198059
375,0,377,1.0,True,0.03137257695198059
376,0,239,1.0,True,0.03137257695198059
377,0,295,1.0,True,0.03137257695198059
379,0,955,1.0,True,0.03137257695198059
380,0,955,1.0,True,0.03137257695198059
381,0,359,0.9985567927360535,True,0.03137257695198059
382,0,865,1.0,True,0.03137257695198059
383,0,86,0.9999071359634399,True,0.03137257695198059
384,0,151,1.0,True,0.03137257695198059
385,0,51,1.0,True,0.03137257695198059
386,0,956,1.0,True,0.03137257695198059
387,217,151,1.0,True,0.03137257695198059
388,217,239,1.0,True,0.03137257695198059
389,217,700,1.0,True,0.03137257695198059
390,217,164,1.0,True,0.03137257695198059
391,217,676,1.0,True,0.03137257695198059
392,217,232,0.9988569021224976,True,0.03137257695198059
393,217,151,1.0,True,0.03137257695198059
394,217,611,1.0,True,0.03137257695198059
395,217,218,1.0,True,0.03137257695198059
396,217,247,1.0,True,0.03137257695198059
397,217,171,1.0,True,0.03137257695198059
398,217,852,1.0,True,0.03137257695198059
399,217,247,1.0,True,0.03137257695198059
400,217,700,1.0,True,0.03137257695198059
401,217,201,1.0,True,0.03137257695198059
402,217,152,1.0,True,0.03137257695198059
403,217,169,1.0,True,0.03137257695198059
404,217,172,1.0,True,0.03137257695198059
405,217,797,1.0,True,0.03137257695198059
406,217,218,1.0,True,0.03137257695198059
407,217,212,1.0,True,0.03137257695198059
408,217,806,1.0,True,0.03137257695198059
409,217,264,1.0,True,0.03137257695198059
410,217,676,1.0,True,0.03137257695198059
411,217,230,1.0,True,0.03137257695198059
412,217,264,1.0,True,0.03137257695198059
413,217,218,1.0,True,0.03137257695198059
414,217,700,1.0,True,0.03137257695198059
415,217,200,1.0,True,0.03137257695198059
416,217,176,1.0,True,0.03137257695198059
417,217,676,1.0,True,0.03137257695198059
418,217,611,1.0,True,0.03137257695198059
419,217,249,1.0,True,0.03137257695198059
420,217,177,1.0,True,0.03137257695198059
421,217,157,1.0,True,0.03137257695198059
422,217,218,1.0,True,0.03137257695198059
423,217,172,1.0,True,0.03137257695198059
424,217,169,1.0,True,0.03137257695198059
425,217,358,1.0,True,0.03137257695198059
428,217,104,1.0,True,0.03137257695198059
429,217,169,1.0,True,0.03137257695198059
430,217,700,1.0,True,0.03137257695198059
431,217,166,0.9999936819076538,True,0.03137257695198059
433,217,171,1.0,True,0.03137257695198059
434,217,152,1.0,True,0.03137257695198059
435,217,172,1.0,True,0.03137257695198059
436,217,212,1.0,True,0.03137257695198059
437,217,51,1.0,True,0.03137257695198059
438,217,731,1.0,True,0.03137257695198059
439,217,984,1.0,True,0.03137257695198059
440,217,805,1.0,True,0.03137257695198059
441,217,218,1.0,True,0.03137257695198059
442,217,200,1.0,True,0.03137257695198059
443,217,157,1.0,True,0.03137257695198059
444,217,539,1.0,True,0.03137257695198059
445,217,700,1.0,True,0.03137257695198059
446,217,171,1.0,True,0.03137257695198059
447,217,700,1.0,True,0.03137257695198059
448,217,490,1.0,True,0.03137257695198059
449,217,218,1.0,True,0.03137257695198059
450,217,785,1.0,True,0.03137257695198059
451,217,187,1.0,True,0.03137257695198059
452,217,173,1.0,True,0.03137257695198059
453,217,218,1.0,True,0.03137257695198059
454,217,151,1.0,True,0.03137257695198059
455,217,170,1.0,True,0.03137257695198059
456,217,151,1.0,True,0.03137257695198059
457,217,151,1.0,True,0.03137257695198059
458,217,256,1.0,True,0.03137257695198059
459,217,247,1.0,True,0.03137257695198059
460,217,264,1.0,True,0.03137257695198059
461,217,157,1.0,True,0.03137257695198059
462,217,166,0.9999855756759644,True,0.03137257695198059
463,217,180,0.9999995231628418,True,0.03137257695198059
464,217,218,1.0,True,0.03137257695198059
465,217,232,0.999479353427887,True,0.03137257695198059
466,217,309,1.0,True,0.03137257695198059
467,217,151,1.0,True,0.03137257695198059
468,217,152,1.0,True,0.03137257695198059
469,217,173,1.0,True,0.03137257695198059
470,217,412,1.0,True,0.03137257695198059
471,217,219,1.0,True,0.03137257695198059
472,217,700,1.0,True,0.03137257695198059
473,217,218,1.0,True,0.03137257695198059
474,217,216,1.0,True,0.03137257695198059
476,217,722,1.0,True,0.03137257695198059
477,217,700,1.0,True,0.03137257695198059
478,217,787,1.0,True,0.03137257695198059
479,217,151,1.0,True,0.03137257695198059
480,217,216,1.0,True,0.03137257695198059
481,217,247,1.0,True,0.03137257695198059
482,217,256,1.0,True,0.03137257695198059
483,217,230,1.0,True,0.03137257695198059
484,217,787,1.0,True,0.03137257695198059
485,217,156,1.0,True,0.03137257695198059
486,217,170,1.0,True,0.03137257695198059
487,217,155,1.0,True,0.03137257695198059
489,217,182,1.0,True,0.03137257695198059
490,217,215,1.0,True,0.03137257695198059
491,217,220,1.0,True,0.03137257695198059
492,217,247,1.0,True,0.03137257695198059
493,217,155,1.0,True,0.03137257695198059
495,217,84,1.0,True,0.03137257695198059
496,217,156,1.0,True,0.03137257695198059
497,217,84,1.0,True,0.03137257695198059
498,217,216,1.0,True,0.03137257695198059
499,217,218,1.0,True,0.03137257695198059
501,217,700,1.0,True,0.03137257695198059
502,217,177,1.0,True,0.03137257695198059
503,217,700,1.0,True,0.03137257695198059
504,217,247,1.0,True,0.03137257695198059
506,217,218,1.0,True,0.03137257695198059
507,217,218,1.0,True,0.03137257695198059
508,217,218,1.0,True,0.03137257695198059
509,217,157,1.0,True,0.03137257695198059
510,217,233,1.0,True,0.03137257695198059
512,217,155,1.0,True,0.03137257695198059
513,217,611,1.0,True,0.03137257695198059
514,217,815,1.0,True,0.03137257695198059
515,217,218,1.0,True,0.03137257695198059
516,217,168,1.0,True,0.03137257695198059
517,217,218,1.0,True,0.03137257695198059
518,217,267,1.0,True,0.03137257695198059
519,217,151,1.0,True,0.03137257695198059
520,217,157,1.0,True,0.03137257695198059
521,217,375,1.0,True,0.03137257695198059
522,217,244,1.0,True,0.03137257695198059
523,217,253,1.0,True,0.03137257695198059
524,217,218,1.0,True,0.03137257695198059
525,217,157,1.0,True,0.03137257695198059
526,217,811,1.0,True,0.03137257695198059
527,217,218,1.0,True,0.03137257695198059
528,217,239,0.9999997615814209,True,0.03137257695198059
529,217,700,1.0,True,0.03137257695198059
530,217,218,1.0,True,0.03137257695198059
531,217,151,1.0,True,0.03137257695198059
532,217,256,1.0,True,0.03137257695198059
533,217,241,1.0,True,0.03137257695198059
534,217,169,1.0,True,0.03137257695198059
535,217,811,1.0,True,0.03137257695198059
536,217,218,1.0,True,0.03137257695198059
537,217,265,0.9999973773956299,True,0.03137257695198059
538,217,253,1.0,True,0.03137257695198059
539,217,218,1.0,True,0.03137257695198059
540,217,151,1.0,True,0.03137257695198059
541,217,264,0.9999992847442627,True,0.03137257695198059
542,217,152,1.0,True,0.03137257695198059
543,217,166,1.0,True,0.03137257695198059
544,217,197,1.0,True,0.03137257695198059
545,217,215,1.0,True,0.03137257695198059
547,217,218,1.0,True,0.03137257695198059
548,217,200,0.9999996423721313,True,0.03137257695198059
549,217,213,1.0,True,0.03137257695198059
550,217,156,1.0,True,0.03137257695198059
551,217,218,1.0,True,0.03137257695198059
552,217,218,1.0,True,0.03137257695198059
553,217,169,1.0,True,0.03137257695198059
554,217,241,1.0,True,0.03137257695198059
555,217,168,1.0,True,0.03137257695198059
556,217,170,1.0,True,0.03137257695198059
557,217,151,1.0,True,0.03137257695198059
558,217,230,1.0,True,0.03137257695198059
559,217,151,1.0,True,0.03137257695198059
560,217,151,1.0,True,0.03137257695198059
562,217,249,1.0,True,0.03137257695198059
563,217,215,1.0,True,0.03137257695198059
564,217,171,1.0,True,0.03137257695198059
565,217,156,1.0,True,0.03137257695198059
566,217,700,1.0,True,0.03137257695198059
567,217,156,1.0,True,0.03137257695198059
568,217,218,1.0,True,0.03137257695198059
569,217,157,1.0,True,0.03137257695198059
570,217,611,1.0,True,0.03137257695198059
571,217,700,1.0,True,0.03137257695198059
572,217,239,0.9999998807907104,True,0.03137257695198059
573,217,232,0.9997777342796326,True,0.03137257695198059
574,217,232,0.9979682564735413,True,0.03137257695198059
575,217,761,1.0,True,0.03137257695198059
576,217,458,1.0,True,0.03137257695198059
577,217,156,1.0,True,0.03137257695198059
578,217,700,1.0,True,0.03137257695198059
579,217,156,1.0,True,0.03137257695198059
580,217,179,1.0,True,0.03137257695198059
581,217,929,1.0,True,0.03137257695198059
582,217,218,1.0,True,0.03137257695198059
583,217,264,1.0,True,0.03137257695198059
584,217,700,1.0,True,0.03137257695198059
585,217,194,1.0,True,0.03137257695198059
586,217,611,1.0,True,0.03137257695198059
587,217,218,1.0,True,0.03137257695198059
588,217,797,1.0,True,0.03137257695198059
589,217,169,1.0,True,0.03137257695198059
590,217,231,0.9999998807907104,True,0.03137257695198059
591,217,213,1.0,True,0.03137257695198059
592,217,152,1.0,True,0.03137257695198059
593,217,210,1.0,True,0.03137257695198059
594,217,361,1.0,True,0.03137257695198059
595,217,193,1.0,True,0.03137257695198059
596,217,216,1.0,True,0.03137257695198059
597,217,218,1.0,True,0.03137257695198059
598,217,169,1.0,True,0.03137257695198059
599,217,216,1.0,True,0.03137257695198059
600,217,700,1.0,True,0.03137257695198059
601,217,218,1.0,True,0.03137257695198059
602,217,177,0.9999998807907104,True,0.03137257695198059
603,217,213,1.0,True,0.03137257695198059
604,217,155,1.0,True,0.03137257695198059
605,217,244,1.0,True,0.03137257695198059
606,217,200,1.0,True,0.03137257695198059
607,217,218,1.0,True,0.03137257695198059
608,217,161,1.0,True,0.03137257695198059
609,217,700,1.0,True,0.03137257695198059
610,217,161,1.0,True,0.03137257695198059
611,217,56,1.0,True,0.03137257695198059
612,217,858,1.0,True,0.03137257695198059
613,217,222,1.0,True,0.03137257695198059
614,217,196,1.0,True,0.03137257695198059
615,217,239,1.0,True,0.03137257695198059
616,217,750,1.0,True,0.03137257695198059
617,217,156,1.0,True,0.03137257695198059
618,217,750,1.0,True,0.03137257695198059
619,217,240,1.0,True,0.03137257695198059
620,217,611,1.0,True,0.03137257695198059
621,217,539,1.0,True,0.03137257695198059
622,217,206,1.0,True,0.03137257695198059
623,217,267,1.0,True,0.03137257695198059
624,217,673,1.0,True,0.03137257695198059
625,217,256,1.0,True,0.03137257695198059
626,217,169,1.0,True,0.03137257695198059
627,217,171,1.0,True,0.03137257695198059
628,217,700,1.0,True,0.03137257695198059
629,217,230,1.0,True,0.03137257695198059
630,217,199,1.0,True,0.03137257695198059
631,217,728,1.0,True,0.03137257695198059
633,217,172,1.0,True,0.03137257695198059
634,217,200,1.0,True,0.03137257695198059
635,217,489,1.0,True,0.03137257695198059
636,217,241,1.0,True,0.03137257695198059
637,217,172,1.0,True,0.03137257695198059
638,217,184,1.0,True,0.03137257695198059
639,217,700,1.0,True,0.03137257695198059
640,217,230,1.0,True,0.03137257695198059
641,217,247,1.0,True,0.03137257695198059
642,217,231,0.9999992847442627,True,0.03137257695198059
643,217,151,1.0,True,0.03137257695198059
644,217,253,1.0,True,0.03137257695198059
645,217,361,1.0,True,0.03137257695198059
646,217,155,1.0,True,0.03137257695198059
647,217,156,1.0,True,0.03137257695198059
648,217,265,0.9999983310699463,True,0.03137257695198059
650,217,152,1.0,True,0.03137257695198059
651,217,264,1.0,True,0.03137257695198059
652,217,267,1.0,True,0.03137257695198059
653,217,241,1.0,True,0.03137257695198059
654,217,155,1.0,True,0.03137257695198059
655,217,750,1.0,True,0.03137257695198059
656,217,157,1.0,True,0.03137257695198059
657,217,93,1.0,True,0.03137257695198059
658,217,215,1.0,True,0.03137257695198059
659,217,856,1.0,True,0.03137257695198059
661,217,212,1.0,True,0.03137257695198059
662,217,700,1.0,True,0.03137257695198059
663,217,264,1.0,True,0.03137257695198059
664,217,700,1.0,True,0.03137257695198059
665,217,865,1.0,True,0.03137257695198059
666,217,245,1.0,True,0.03137257695198059
668,217,155,0.9999998807907104,True,0.03137257695198059
669,217,85,1.0,True,0.03137257695198059
670,217,691,1.0,True,0.03137257695198059
671,217,173,1.0,True,0.03137257695198059
672,217,213,1.0,True,0.03137257695198059
673,217,151,1.0,True,0.03137257695198059
674,217,374,1.0,True,0.03137257695198059
675,217,231,0.9999998807907104,True,0.03137257695198059
676,217,158,1.0,True,0.03137257695198059
677,217,244,0.9999998807907104,True,0.03137257695198059
678,217,215,1.0,True,0.03137257695198059
679,217,256,1.0,True,0.03137257695198059
680,217,815,1.0,True,0.03137257695198059
682,217,700,1.0,True,0.03137257695198059
683,217,213,1.0,True,0.03137257695198059
684,217,151,1.0,True,0.03137257695198059
685,217,700,1.0,True,0.03137257695198059
686,217,523,1.0,True,0.03137257695198059
687,217,200,1.0,True,0.03137257695198059
688,217,266,0.9999996423721313,True,0.03137257695198059
689,217,257,1.0,True,0.03137257695198059
690,217,156,1.0,True,0.03137257695198059
691,217,161,1.0,True,0.03137257695198059
692,217,218,1.0,True,0.03137257695198059
693,217,264,1.0,True,0.03137257695198059
694,217,232,0.9935945868492126,True,0.03137257695198059
695,217,700,1.0,True,0.03137257695198059
696,217,700,1.0,True,0.03137257695198059
697,217,700,1.0,True,0.03137257695198059
698,217,700,1.0,True,0.03137257695198059
699,217,175,1.0,True,0.03137257695198059
700,217,152,0.9999992847442627,True,0.03137257695198059
701,217,151,1.0,True,0.03137257695198059
702,217,267,1.0,True,0.03137257695198059
703,217,171,1.0,True,0.03137257695198059
705,217,152,0.9999991655349731,True,0.03137257695198059
706,217,265,0.9999550580978394,True,0.03137257695198059
707,217,204,1.0,True,0.03137257695198059
708,217,620,1.0,True,0.03137257695198059
709,217,218,1.0,True,0.03137257695198059
710,217,160,1.0,True,0.03137257695198059
711,217,256,1.0,True,0.03137257695198059
712,217,244,1.0,True,0.03137257695198059
713,217,218,1.0,True,0.03137257695198059
714,217,156,1.0,True,0.03137257695198059
715,217,161,1.0,True,0.03137257695198059
716,217,157,1.0,True,0.03137257695198059
717,217,212,1.0,True,0.03137257695198059
718,217,218,1.0,True,0.03137257695198059
719,217,761,1.0,True,0.03137257695198059
720,217,700,1.0,True,0.03137257695198059
721,217,216,1.0,True,0.03137257695198059
722,217,213,1.0,True,0.03137257695198059
723,217,179,1.0,True,0.03137257695198059
724,217,213,1.0,True,0.03137257695198059
725,217,247,1.0,True,0.03137257695198059
726,217,998,0.9941632151603699,True,0.03137257695198059
727,217,151,1.0,True,0.03137257695198059
728,217,359,0.999883770942688,True,0.03137257695198059
729,217,700,1.0,True,0.03137257695198059
730,217,218,1.0,True,0.03137257695198059
731,217,700,1.0,True,0.03137257695198059
732,217,898,1.0,True,0.03137257695198059
733,217,213,1.0,True,0.03137257695198059
734,217,169,1.0,True,0.03137257695198059
735,217,611,1.0,True,0.03137257695198059
736,217,240,1.0,True,0.03137257695198059
737,217,203,1.0,True,0.03137257695198059
738,217,539,1.0,True,0.03137257695198059
739,217,264,1.0,True,0.03137257695198059
740,217,511,1.0,True,0.03137257695198059
741,217,166,1.0,True,0.03137257695198059
742,217,175,1.0,True,0.03137257695198059
743,217,434,1.0,True,0.03137257695198059
744,217,539,1.0,True,0.03137257695198059
745,217,851,1.0,True,0.03137257695198059
746,217,162,1.0,True,0.03137257695198059
747,217,282,1.0,True,0.03137257695198059
748,217,161,1.0,True,0.03137257695198059
749,217,157,1.0,True,0.03137257695198059
750,217,216,1.0,True,0.03137257695198059
751,217,264,1.0,True,0.03137257695198059
752,217,257,0.9999998807907104,True,0.03137257695198059
753,217,205,1.0,True,0.03137257695198059
754,217,543,1.0,True,0.03137257695198059
756,217,239,1.0,True,0.03137257695198059
757,217,264,1.0,True,0.03137257695198059
758,217,169,1.0,True,0.03137257695198059
759,217,700,1.0,True,0.03137257695198059
760,217,264,1.0,True,0.03137257695198059
761,217,156,1.0,True,0.03137257695198059
762,217,673,1.0,True,0.03137257695198059
763,217,253,1.0,True,0.03137257695198059
764,217,611,1.0,True,0.03137257695198059
765,217,264,1.0,True,0.03137257695198059
766,217,166,1.0,True,0.03137257695198059
767,217,173,1.0,True,0.03137257695198059
768,217,987,0.9999990463256836,True,0.03137257695198059
769,217,172,1.0,True,0.03137257695198059
770,217,162,1.0,True,0.03137257695198059
771,217,232,0.9997462630271912,True,0.03137257695198059
772,217,256,1.0,True,0.03137257695198059
773,217,162,1.0,True,0.03137257695198059
774,217,156,1.0,True,0.03137257695198059
775,217,67,1.0,True,0.03137257695198059
776,217,676,1.0,True,0.03137257695198059
777,217,232,0.9995723366737366,True,0.03137257695198059
778,217,151,1.0,True,0.03137257695198059
779,217,230,1.0,True,0.03137257695198059
780,217,201,1.0,True,0.03137257695198059
781,217,151,1.0,True,0.03137257695198059
787,482,748,1.0,True,0.03137257695198059
795,482,904,1.0,True,0.03137257695198059
800,482,754,1.0,True,0.03137257695198059
801,482,745,1.0,True,0.03137257695198059
802,482,796,1.0,True,0.03137257695198059
804,482,378,1.0,True,0.03137257695198059
806,482,759,1.0,True,0.03137257695198059
807,482,844,1.0,True,0.03137257695198059
808,482,636,1.0,True,0.03137257695198059
810,482,842,1.0,True,0.03137257695198059
812,482,464,1.0,True,0.03137257695198059
818,482,678,1.0,True,0.03137257695198059
819,482,622,1.0,True,0.03137257695198059
820,482,55,0.9987080097198486,True,0.03137257695198059
823,482,754,1.0,True,0.03137257695198059
825,482,805,1.0,True,0.03137257695198059
826,482,700,1.0,True,0.03137257695198059
828,482,751,0.9999994039535522,True,0.03137257695198059
830,482,464,1.0,True,0.03137257695198059
831,482,893,1.0,True,0.03137257695198059
832,482,893,1.0,True,0.03137257695198059
833,482,777,1.0,True,0.03137257695198059
834,482,216,1.0,True,0.03137257695198059
835,482,710,1.0,True,0.03137257695198059
836,482,874,1.0,True,0.03137257695198059
838,482,477,1.0,True,0.03137257695198059
840,482,592,1.0,True,0.03137257695198059
842,482,717,1.0,True,0.03137257695198059
843,482,707,1.0,True,0.03137257695198059
844,482,893,1.0,True,0.03137257695198059
847,482,787,1.0,True,0.03137257695198059
849,482,811,1.0,True,0.03137257695198059
851,482,895,0.9999998807907104,True,0.03137257695198059
852,482,485,1.0,True,0.03137257695198059
853,482,777,1.0,True,0.03137257695198059
856,482,620,0.9999997615814209,True,0.03137257695198059
858,482,361,1.0,True,0.03137257695198059
861,482,662,1.0,True,0.03137257695198059
863,482,956,1.0,True,0.03137257695198059
865,482,754,1.0,True,0.03137257695198059
866,482,492,1.0,True,0.03137257695198059
867,482,675,1.0,True,0.03137257695198059
871,482,741,1.0,True,0.03137257695198059
873,482,408,1.0,True,0.03137257695198059
874,482,583,1.0,True,0.03137257695198059
875,482,356,0.9999096393585205,True,0.03137257695198059
877,482,656,1.0,True,0.03137257695198059
883,482,662,1.0,True,0.03137257695198059
888,482,893,1.0,True,0.03137257695198059
889,482,591,1.0,True,0.03137257695198059
890,482,41,1.0,True,0.03137257695198059
892,482,84,1.0,True,0.03137257695198059
894,482,414,1.0,True,0.03137257695198059
897,482,587,1.0,True,0.03137257695198059
900,482,477,0.9999998807907104,True,0.03137257695198059
901,482,706,1.0,True,0.03137257695198059
902,482,893,1.0,True,0.03137257695198059
903,482,827,1.0,True,0.03137257695198059
904,482,893,1.0,True,0.03137257695198059
905,482,531,1.0,True,0.03137257695198059
907,482,893,1.0,True,0.03137257695198059
909,482,597,1.0,True,0.03137257695198059
911,482,685,1.0,True,0.03137257695198059
912,482,859,1.0,True,0.03137257695198059
913,482,748,1.0,True,0.03137257695198059
914,482,772,1.0,True,0.03137257695198059
915,482,732,1.0,True,0.03137257695198059
916,482,732,1.0,True,0.03137257695198059
917,482,584,1.0,True,0.03137257695198059
919,482,82,0.7974718809127808,True,0.03137257695198059
922,482,893,1.0,True,0.03137257695198059
923,482,485,1.0,True,0.03137257695198059
927,482,710,1.0,True,0.03137257695198059
928,482,530,1.0,True,0.03137257695198059
929,482,732,1.0,True,0.03137257695198059
931,482,893,1.0,True,0.03137257695198059
932,482,893,1.0,True,0.03137257695198059
936,482,643,1.0,True,0.03137257695198059
937,482,855,1.0,True,0.03137257695198059
938,482,674,1.0,True,0.03137257695198059
939,482,902,1.0,True,0.03137257695198059
940,482,414,1.0,True,0.03137257695198059
941,482,902,1.0,True,0.03137257695198059
942,482,678,1.0,True,0.03137257695198059
943,482,714,1.0,True,0.03137257695198059
944,482,909,1.0,True,0.03137257695198059
945,482,615,1.0,True,0.03137257695198059
947,482,748,1.0,True,0.03137257695198059
948,482,684,1.0,True,0.03137257695198059
951,482,434,1.0,True,0.03137257695198059
952,482,558,1.0,True,0.03137257695198059
953,482,714,1.0,True,0.03137257695198059
954,482,492,1.0,True,0.03137257695198059
955,482,830,1.0,True,0.03137257695198059
956,482,893,1.0,True,0.03137257695198059
957,482,748,1.0,True,0.03137257695198059
959,482,844,1.0,True,0.03137257695198059
960,482,592,1.0,True,0.03137257695198059
961,482,893,0.9999998807907104,True,0.03137257695198059
962,482,811,1.0,True,0.03137257695198059
963,482,378,1.0,True,0.03137257695198059
964,482,464,1.0,True,0.03137257695198059
965,482,777,1.0,True,0.03137257695198059
967,482,636,0.9999998807907104,True,0.03137257695198059
969,482,897,1.0,True,0.03137257695198059
970,482,893,1.0,True,0.03137257695198059
971,482,530,1.0,True,0.03137257695198059
972,482,106,0.9999997615814209,True,0.03137257695198059
973,482,485,1.0,True,0.03137257695198059
974,482,772,1.0,True,0.03137257695198059
975,482,710,1.0,True,0.03137257695198059
976,482,446,1.0,True,0.03137257695198059
979,482,636,1.0,True,0.03137257695198059
980,482,587,1.0,True,0.03137257695198059
981,482,587,1.0,True,0.03137257695198059
982,482,759,1.0,True,0.03137257695198059
983,482,787,1.0,True,0.03137257695198059
985,482,999,1.0,True,0.03137257695198059
987,482,584,1.0,True,0.03137257695198059
990,482,626,1.0,True,0.03137257695198059
991,482,911,1.0,True,0.03137257695198059
992,482,635,1.0,True,0.03137257695198059
994,482,748,1.0,True,0.03137257695198059
995,482,192,1.0,True,0.03137257695198059
996,482,893,1.0,True,0.03137257695198059
998,482,877,1.0,True,0.03137257695198059
1000,482,777,1.0,True,0.03137257695198059
1002,482,591,1.0,True,0.03137257695198059
1003,482,746,1.0,True,0.03137257695198059
1010,482,700,1.0,True,0.03137257695198059
1011,482,464,1.0,True,0.03137257695198059
1014,482,746,1.0,True,0.03137257695198059
1015,482,524,0.9999822378158569,True,0.03137257695198059
1017,482,758,1.0,True,0.03137257695198059
1019,482,732,1.0,True,0.03137257695198059
1020,482,492,1.0,True,0.03137257695198059
1023,482,635,1.0,True,0.03137257695198059
1024,482,489,1.0,True,0.03137257695198059
1025,482,678,1.0,True,0.03137257695198059
1026,482,480,1.0,True,0.03137257695198059
1030,482,769,1.0,True,0.03137257695198059
1033,482,446,1.0,True,0.03137257695198059
1034,482,477,1.0,True,0.03137257695198059
1036,482,464,1.0,True,0.03137257695198059
1039,482,632,1.0,True,0.03137257695198059
1040,482,748,1.0,True,0.03137257695198059
1041,482,615,1.0,True,0.03137257695198059
1042,482,700,1.0,True,0.03137257695198059
1049,482,464,1.0,True,0.03137257695198059
1050,482,772,1.0,True,0.03137257695198059
1051,482,197,1.0,True,0.03137257695198059
1054,482,759,1.0,True,0.03137257695198059
1056,482,613,1.0,True,0.03137257695198059
1057,482,893,0.9999998807907104,True,0.03137257695198059
1058,482,477,1.0,True,0.03137257695198059
1059,482,999,1.0,True,0.03137257695198059
1061,482,882,1.0,True,0.03137257695198059
1062,482,431,1.0,True,0.03137257695198059
1064,482,487,1.0,True,0.03137257695198059
1066,482,868,1.0,True,0.03137257695198059
1068,482,593,1.0,True,0.03137257695198059
1074,482,878,0.5240336060523987,True,0.03137257695198059
1075,482,855,1.0,True,0.03137257695198059
1077,482,777,1.0,True,0.03137257695198059
1078,482,754,1.0,True,0.03137257695198059
1079,482,759,0.9999994039535522,True,0.03137257695198059
1080,482,882,1.0,True,0.03137257695198059
1081,482,700,1.0,True,0.03137257695198059
1083,482,439,1.0,True,0.03137257695198059
1084,482,597,1.0,True,0.03137257695198059
1087,482,746,1.0,True,0.03137257695198059
1088,482,709,1.0,True,0.03137257695198059
1091,482,469,1.0,True,0.03137257695198059
1093,482,473,1.0,True,0.03137257695198059
1094,482,530,1.0,True,0.03137257695198059
1097,482,487,1.0,True,0.03137257695198059
1098,482,798,1.0,True,0.03137257695198059
1099,482,636,1.0,True,0.03137257695198059
1101,482,746,1.0,True,0.03137257695198059
1102,482,643,1.0,True,0.03137257695198059
1103,482,641,1.0,True,0.03137257695198059
1104,482,811,1.0,True,0.03137257695198059
1110,482,700,1.0,True,0.03137257695198059
1111,482,787,1.0,True,0.03137257695198059
1113,482,709,1.0,True,0.03137257695198059
1114,482,662,1.0,True,0.03137257695198059
1115,482,530,1.0,True,0.03137257695198059
1118,482,759,1.0,True,0.03137257695198059
1120,482,746,1.0,True,0.03137257695198059
1121,482,558,1.0,True,0.03137257695198059
1122,482,518,1.0,True,0.03137257695198059
1124,482,620,1.0,True,0.03137257695198059
1125,482,893,1.0,True,0.03137257695198059
1127,482,893,0.9999997615814209,True,0.03137257695198059
1129,482,746,1.0,True,0.03137257695198059
1132,482,539,1.0,True,0.03137257695198059
1135,482,745,1.0,True,0.03137257695198059
1139,491,879,1.0,True,0.03137257695198059
1140,491,749,1.0,True,0.03137257695198059
1141,491,171,1.0,True,0.03137257695198059
1142,491,740,1.0,True,0.03137257695198059
1143,491,630,1.0,True,0.03137257695198059
1144,491,356,0.9999644756317139,True,0.03137257695198059
1145,491,496,1.0,True,0.03137257695198059
1146,491,465,1.0,True,0.03137257695198059
1147,491,358,1.0,True,0.03137257695198059
1148,491,975,1.0,True,0.03137257695198059
1149,491,882,1.0,True,0.03137257695198059
1150,491,587,1.0,True,0.03137257695198059
1151,491,956,1.0,True,0.03137257695198059
1152,491,856,1.0,True,0.03137257695198059
1153,491,217,1.0,True,0.03137257695198059
1154,491,870,1.0,True,0.03137257695198059
1155,491,462,1.0,True,0.03137257695198059
1156,491,609,1.0,True,0.03137257695198059
1157,491,700,1.0,True,0.03137257695198059
1158,491,597,1.0,True,0.03137257695198059
1159,491,573,1.0,True,0.03137257695198059
1160,491,701,1.0,True,0.03137257695198059
1161,491,487,1.0,True,0.03137257695198059
1162,491,216,1.0,True,0.03137257695198059
1163,491,666,1.0,True,0.03137257695198059
1164,491,371,1.0,True,0.03137257695198059
1165,491,865,1.0,True,0.03137257695198059
1166,491,790,1.0,True,0.03137257695198059
1167,491,865,1.0,True,0.03137257695198059
1168,491,377,1.0,True,0.03137257695198059
1169,491,363,1.0,True,0.03137257695198059
1170,491,63,1.0,True,0.03137257695198059
1171,491,981,0.9999970197677612,True,0.03137257695198059
1172,491,987,0.9999938011169434,True,0.03137257695198059
1173,491,474,1.0,True,0.03137257695198059
1174,491,618,1.0,True,0.03137257695198059
1175,491,650,1.0,True,0.03137257695198059
1176,491,238,0.9999996423721313,True,0.03137257695198059
1177,491,777,1.0,True,0.03137257695198059
1178,491,748,1.0,True,0.03137257695198059
1179,491,60,1.0,True,0.03137257695198059
1180,491,625,1.0,True,0.03137257695198059
1181,491,750,1.0,True,0.03137257695198059
1182,491,865,1.0,True,0.03137257695198059
1183,491,512,1.0,True,0.03137257695198059
1184,491,361,1.0,True,0.03137257695198059
1185,491,903,1.0,True,0.03137257695198059
1186,491,254,1.0,True,0.03137257695198059
1187,491,359,0.9935114979743958,True,0.03137257695198059
1188,491,640,1.0,True,0.03137257695198059
